{"stat.useItem.minecraft.splash_potion":47,"stat.useItem.minecraft.chain_command_block":7,"stat.pickup.minecraft.redstone_torch":19,"stat.leaveGame":21,"stat.pickup.minecraft.wooden_pressure_plate":2,"stat.useItem.minecraft.potion":19,"stat.drop.minecraft.sandstone":1,"stat.jump":875,"stat.swimOneCm":25280,"stat.climbOneCm":1634,"stat.fallOneCm":13842,"stat.useItem.minecraft.planks":13,"stat.crouchOneCm":7684,"stat.useItem.minecraft.redstone_torch":1,"stat.useItem.minecraft.stone_button":257,"stat.useItem.minecraft.dirt":270,"stat.useItem.minecraft.stone_slab2":3764,"stat.useItem.minecraft.glass":95,"stat.useItem.minecraft.sapling":169,"stat.useItem.minecraft.golden_rail":7,"stat.damageTaken":940,"stat.useItem.minecraft.detector_rail":21,"stat.useItem.minecraft.gold_block":2,"stat.useItem.minecraft.rail":10,"stat.flyOneCm":5977398,"stat.pickup.minecraft.sandstone":1,"stat.damageDealt":35,"stat.pickup.minecraft.redstone":32,"stat.timeSinceDeath":833172,"stat.useItem.minecraft.sign":5,"stat.useItem.minecraft.command_block":41,"stat.walkOneCm":1665884,"stat.useItem.minecraft.torch":5,"stat.useItem.minecraft.chest":9,"stat.useItem.minecraft.lever":33,"stat.pickup.minecraft.wooden_axe":1,"stat.pickup.minecraft.wooden_button":31,"stat.minecartOneCm":14924,"stat.useItem.minecraft.minecart":5,"stat.useItem.minecraft.redstone_block":2,"stat.useItem.minecraft.redstone":272,"stat.useItem.minecraft.milk_bucket":1,"stat.drop.minecraft.sapling":1,"stat.pickup.minecraft.sapling":2,"stat.sprintOneCm":398531,"stat.useItem.minecraft.redstone_ore":33,"stat.pickup.minecraft.ladder":8,"stat.useItem.minecraft.fireworks":2,"stat.useItem.minecraft.prismarine":1378,"stat.useItem.minecraft.wooden_button":368,"stat.useItem.minecraft.wooden_pressure_plate":1,"stat.useItem.minecraft.dye":847,"stat.entityKilledBy.Creeper":1,"stat.pickup.minecraft.lever":11,"stat.useItem.minecraft.monster_egg":63,"stat.deaths":1,"stat.drop":3,"stat.playOneMinute":883581,"stat.pickup.minecraft.stone_button":889,"stat.sneakTime":16067,"stat.pickup.minecraft.golden_rail":1,"stat.diveOneCm":421189,"stat.drop.minecraft.wooden_axe":1,"stat.useItem.minecraft.sandstone":2583}